ID	P_QR	P_QR0.1	P_QR0.2	P_QR0.3	P_QR0.4	P_QR0.5	P_QR0.6	P_QR0.7	P_QR0.8	P_QR0.9	BETA_QR0.1	BETA_QR0.2	BETA_QR0.3	BETA_QR0.4	BETA_QR0.5	BETA_QR0.6	BETA_QR0.7	BETA_QR0.8	BETA_QR0.9
1-55505447-C-T_C	0.619222142822689	0.200912499284638	0.672686722285778	0.65450346057194	0.859208773352427	0.873384478487507	0.5810921413176	0.17584677846115	0.846813334144184	0.212443436300417	-0.214027337314505	-0.0457527550790565	0.0308898446633404	-0.0252164773114684	0.0372709614783	0.06079545659844	0.130445494700728	0.0405203915957297	-0.15648401212721
1-55505647-G-T_G	0.000000000181214240953405	0.41966072344923	0.0770161023704319	0.0105085602465272	0.0141011378877816	0.000851490588282139	0.0000968058169059573	0.00000235836181841226	0.0000000000501606529270947	0.0000000000336375709128439	-1.01336268227945	-1.26020041474578	-1.49810050725987	-1.41379416151463	-1.34121022144089	-1.15513635577576	-0.99921784685556	-0.85294139828791	-0.701944255324436
1-55505668-C-T_C	0.720454347808538	0.14516416406767	0.666742904995463	0.614198984114437	0.968554627190797	0.760944844719842	0.345648284726514	0.125192632221029	0.666742904995461	0.422439838504105	-0.217017029545443	-0.0457527550876879	0.0308898445630363	0.00951445236433481	0.0582960344785903	0.086226847355443	0.139646457812139	0.0458884175933622	-0.0944762119827307
1-55505732-A-G_A	0.642116276067713	0.68436208185121	0.516274241644256	0.477322414868059	0.883673431403382	0.646271723157453	0.274797437468025	0.697852140561903	0.516274241644256	0.684362081851206	-0.0512415632291003	-0.117077202860553	0.136018954852157	0.0264608129746182	0.120406239218832	0.108407522960226	-0.0469564352938781	0.145711748778682	0.096814645302321
1-55505804-T-A_T	0.710551107935357	0.951216285076455	0.926881419733433	0.904361092627045	0.806771750972089	0.824042778874717	0.497356988555358	0.20339463332345	0.343535027280187	0.0388966537183206	-0.253141771435171	-0.128691702632511	-0.0493830525716647	0.126710744122782	-0.0380284199911892	-0.308062780013919	-0.170406945179567	-0.644912419595458	-0.595945314480643
1-55505861-G-A_G	0.612571480395256	0.441204494543857	0.726713051903778	0.722131490702364	0.871940542709743	0.342747156997823	0.798144449216907	0.72806850099351	0.347380282821479	0.168055375463075	-0.11249164444151	-0.0433697040709862	0.0541843174904033	0.0105939916422002	-0.0524903044123259	-0.0200043084940838	0.0215750593384153	-0.143144725045633	-0.125230512592361
1-55505926-C-T_C	0.629024307532022	0.237913639173085	0.833963678205373	0.64570546618056	0.917521910640956	0.799759219655151	0.471170806559097	0.131264394237894	0.659024418624548	0.32622143211187	-0.214027334580329	-0.0457527550656503	0.030889846384189	-0.00531185061442419	0.0480744858814091	0.0681977146824001	0.139646458045351	0.0405203876413159	-0.129091550042981
1-55506103-C-G_C	0.660569564479969	0.237913639173085	0.703583131440608	0.608103216906226	0.917521910640956	0.906887900675588	0.502249248737361	0.131264394237894	0.703583131440607	0.32622143211187	-0.214027337289708	-0.0457527550736013	0.0308898446868701	-0.00531185196783355	0.0481905465271023	0.0681977295214393	0.13964645891159	0.0405203876029302	-0.129091558705881
1-55507314-G-A_G	0.830719392962303	0.880589559850907	0.688818105362279	0.953542894589773	0.856770700918171	0.78948994810455	0.535291647116496	0.801654534442608	0.562002849289451	0.570431057092633	-0.1465467776119	0.0803700487175809	-0.03570510835794	-0.0997141985552029	-0.0672276168636404	-0.0225334710341304	-0.0300845189950841	0.074476904086871	0.155603888665138
1-55507356-A-C_A	0.693932577047163	0.951216285076455	0.907632435503543	0.904361092627045	0.806771750972089	0.839179326855822	0.497356988555358	0.211019524973948	0.331319361094583	0.0388966537183206	-0.253141775466266	-0.128691688515741	-0.0493830507200666	0.126710742487765	-0.0396802059406745	-0.308062775919831	-0.170406945094829	-0.644912406482496	-0.595945314661712
